NATIONAL HEALTH EXPENDITURES BY TYPE OF SERVICE AND SOURCE OF FUNDS:  CALENDAR YEARS 1960 to 2031,,,,,,,,,,,,,,,,,,,,,,,,,,,,,,,,,,,,,,,,,,,,,,,,,,,,,,,,,,,,,,,,,,,,,,,,,
,Expenditure Amount (Millions),,,,,,,,,,,,,,,,,,,,,,,,,,,,,,,,,,,,,,,,,,,,,,,,,,,,,,,,,,,,,,,,,,,,,,,,
Type of Service,Source of Funds,1960,1961,1962,1963,1964,1965,1966,1967,1968,1969,1970,1971,1972,1973,1974,1975,1976,1977,1978,1979,1980,1981,1982,1983,1984,1985,1986,1987,1988,1989,1990,1991,1992,1993,1994,1995,1996,1997,1998,1999,2000,2001,2002,2003,2004,2005,2006,2007,2008,2009,2010,2011,2012,2013,2014,2015,2016,2017,2018,2019,2020,2021,2022,2023,2024,2025,2026,2027,2028,2029,2030,2031
,,Historical,Historical,Historical,Historical,Historical,Historical,Historical,Historical,Historical,Historical,Historical,Historical,Historical,Historical,Historical,Historical,Historical,Historical,Historical,Historical,Historical,Historical,Historical,Historical,Historical,Historical,Historical,Historical,Historical,Historical,Historical,Historical,Historical,Historical,Historical,Historical,Historical,Historical,Historical,Historical,Historical,Historical,Historical,Historical,Historical,Historical,Historical,Historical,Historical,Historical,Historical,Historical,Historical,Historical,Historical,Historical,Historical,Historical,Historical,Historical,Historical,Historical,Projected,Projected,Projected,Projected,Projected,Projected,Projected,Projected,Projected,Projected
National Health Expenditures,Total Expenditures,27122,29060,31765,34558,38245,41627,45752,51186,58015,65417,74077,82380,92385,102654,116344,132666,152028,172650,193964,219685,253232,293572,330935,364806,401898,439877,472280,514473,576649,642177,718730,785965,852199,914871,966369,1020280,1073558,1132947,1198443,1273213,1365999,1483415,1631013,1770371,1894672,2026567,2165093,2305514,2402354,2492739,2589637,2676540,2783252,2856626,3002623,3165394,3307404,3446454,3604428,3757382,4144077,4255127,4439792,4666289,4897724,5185185,5462143,5773674,6106373,6448651,6804225,7174697
National Health Expenditures,     Out of pocket,12778,13193,14085,15171,16669,17863,18132,17985,19951,21911,24208,25515,27805,30737,33311,36036,39281,43137,46043,49929,55258,61932,68606,74660,82417,91566,99655,105844,116236,122598,133764,136771,139139,140251,138262,140809,146076,156144,170998,180883,193555,200879,219144,235149,248415,264486,277950,293596,300063,296656,301469,310195,323198,330965,340811,353504,365936,372891,386811,402950,392291,433153,451769,475192,497819,519637,538539,560045,583232,607025,633010,659265
National Health Expenditures,     Health Insurance,7324,8043,8785,9660,10710,11722,15357,20789,24010,27191,31342,36205,41954,47296,55229,65480,77956,91595,104759,120708,140211,165156,187549,209166,232963,254562,270210,295383,332522,380373,431146,484064,534435,583422,627341,671163,711655,748036,778706,830078,902025,995886,1098141,1195925,1287969,1384082,1486044,1581753,1663013,1758338,1832620,1902432,1971516,2019256,2151064,2288837,2396997,2495547,2612122,2719808,2805559,3018366,3180458,3402944,3574813,3806775,4030953,4284050,4551890,4825962,5107905,5403338
National Health Expenditures,          Private Health Insurance,5639,6275,6963,7720,8791,9772,9980,10132,11462,12988,15078,17318,20027,22263,25353,29728,36312,44173,50700,58924,67103,79230,91124,101553,114611,126600,131589,144525,170069,197878,225919,246847,266037,285438,298813,315022,333218,349270,371339,401548,441009,483393,537528,589257,626088,671104,705681,748565,769719,794764,820156,850989,878083,879501,922987,976911,1030833,1080044,1129836,1157796,1145190,1211431,1247975,1344595,1447099,1532210,1596932,1681882,1768612,1857849,1957061,2058724
National Health Expenditures,          Medicare,0,0,0,0,0,0,1842,4924,6218,7045,7672,8443,9325,10730,13428,16336,19694,22891,26668,30922,37387,44769,52351,59559,66207,71829,76829,83081,88965,101137,110182,120617,135996,149965,167670,184393,198750,210376,209420,213173,224829,247686,265381,282668,311122,339762,403692,432749,466969,498627,519535,544565,568310,588856,617327,647873,675878,704913,749553,801969,831228,900787,944197,1019526,1093039,1190363,1290227,1393834,1503974,1620784,1730997,1848702
National Health Expenditures,          Medicaid (Title XIX),0,0,0,0,0,0,1304,3141,3541,4174,5290,6695,8314,9423,11073,13446,15188,17464,19465,22332,26032,30307,32011,35266,38233,40937,45383,50339,55080,61952,73661,93211,108186,122373,134414,144862,152170,160849,169013,183471,200383,224132,248100,268963,290743,309351,306680,325856,344397,374709,397365,406747,422737,444976,498159,542995,564869,578501,596191,615009,672012,734011,804702,834427,816738,853906,902357,956030,1016381,1073251,1134327,1198434
National Health Expenditures,          Other Health Insurance,1685,1768,1822,1940,1919,1951,2231,2592,2789,2983,3302,3749,4288,4880,5375,5970,6761,7068,7927,8531,9689,10849,12063,12789,13912,15196,16409,17438,18408,19407,21385,23389,24215,25645,26444,26885,27518,27541,28933,31886,35804,40675,47132,55037,60016,63865,69991,74583,81928,90238,95565,100131,102386,105923,112592,121057,125417,132089,136542,145034,157130,172137,183584,204395,217938,230295,241436,252304,262924,274079,285520,297477
National Health Expenditures,     Other Third Party Payers and Programs,4081,4541,4938,5461,5946,6660,6563,6333,7227,8158,9427,10171,10911,12071,13759,15466,17545,19726,22671,26183,30762,35459,39459,42437,45748,51393,57722,64004,72745,77708,85267,90955,97148,103536,107565,111739,116363,122281,132738,137115,141717,149884,160074,176513,186425,195216,207209,217983,211444,216353,227724,230738,248189,261817,266781,274389,288298,301970,316253,333481,514025,408974,368241,387435,411621,434630,454690,476711,500069,524183,550233,576820
National Health Expenditures,     Public Health Activity,371,409,456,509,572,621,733,861,969,1174,1356,1676,1855,2123,2584,2967,3213,3815,4588,5375,6445,7531,8621,9251,9842,11212,12387,13572,15267,17773,19997,22129,24374,26779,29594,31003,32377,34832,37457,40731,43050,46792,52201,54228,54934,57252,60892,65969,71559,74191,75696,74425,77188,81476,84413,85546,89951,95455,99388,107073,238274,187604,219289,167812,167461,165561,166225,167469,171711,177398,183602,189984
National Health Expenditures,     Investment,2568,2874,3501,3757,4347,4761,4967,5218,5857,6982,7744,8813,9860,10427,11462,12717,14033,14378,15903,17490,20556,23493,26700,29291,30928,31144,32305,35670,39878,43726,48555,52047,57103,60883,63606,65566,67087,71654,78544,84406,85653,89974,101453,108556,116929,125531,132998,146212,156274,147201,152127,158749,163161,163112,159554,163118,166222,180592,189853,194070,193929,207030,220035,232907,246010,258583,271735,285399,299471,314083,329475,345291
National Health Expenditures,         Research,694,886,1068,1219,1366,1521,1624,1775,1877,1924,1953,2109,2357,2502,2767,3372,3707,3864,4438,4805,5429,5705,6025,6543,7608,8320,9002,10025,10836,11738,12678,13819,15091,16472,17758,18670,17808,19640,21512,23365,25475,28504,32016,34844,38578,40319,41163,42576,44283,45348,49125,49575,48380,46690,46033,46388,47616,50902,53730,56555,60098,61476,65311,68759,72442,76196,80129,84290,88685,93300,98152,103262
National Health Expenditures,         Structures & Equipment,1874,1988,2434,2538,2981,3240,3342,3443,3980,5058,5791,6704,7503,7925,8695,9345,10325,10514,11465,12685,15127,17789,20675,22748,23320,22824,23303,25645,29042,31987,35877,38229,42012,44411,45848,46897,49279,52014,57032,61041,60178,61470,69437,73712,78351,85213,91836,103637,111991,101853,103002,109174,114781,116422,113521,116730,118607,129690,136123,137515,133830,145555,154724,164148,173568,182387,191606,201109,210786,220783,231323,242029
Health Consumption Expenditures,Total Expenditures,24554,26187,28263,30801,33898,36866,40786,45968,52158,58434,66332,73567,82525,92227,104882,119949,137996,158272,178061,202195,232675,270079,304235,335514,370970,408733,439975,478803,536771,598451,670174,733918,795096,853988,902763,954714,1006471,1061293,1119899,1188807,1280346,1393441,1529560,1661815,1777743,1901036,2032094,2159301,2246080,2345538,2437509,2517790,2620091,2693514,2843069,3002276,3141182,3265863,3414575,3563312,3950149,4048097,4219757,4433382,4651714,4926602,5190407,5488275,5806902,6134568,6474749,6829407
Health Consumption Expenditures,     Out of pocket,12778,13193,14085,15171,16669,17863,18132,17985,19951,21911,24208,25515,27805,30737,33311,36036,39281,43137,46043,49929,55258,61932,68606,74660,82417,91566,99655,105844,116236,122598,133764,136771,139139,140251,138262,140809,146076,156144,170998,180883,193555,200879,219144,235149,248415,264486,277950,293596,300063,296656,301469,310195,323198,330965,340811,353504,365936,372891,386811,402950,392291,433153,451769,475192,497819,519637,538539,560045,583232,607025,633010,659265
Health Consumption Expenditures,     Health Insurance,7324,8043,8785,9660,10710,11722,15357,20789,24010,27191,31342,36205,41954,47296,55229,65480,77956,91595,104759,120708,140211,165156,187549,209166,232963,254562,270210,295383,332522,380373,431146,484064,534435,583422,627341,671163,711655,748036,778706,830078,902025,995886,1098141,1195925,1287969,1384082,1486044,1581753,1663013,1758338,1832620,1902432,1971516,2019256,2151064,2288837,2396997,2495547,2612122,2719808,2805559,3018366,3180458,3402944,3574813,3806775,4030953,4284050,4551890,4825962,5107905,5403338
Health Consumption Expenditures,          Private Health Insurance,5639,6275,6963,7720,8791,9772,9980,10132,11462,12988,15078,17318,20027,22263,25353,29728,36312,44173,50700,58924,67103,79230,91124,101553,114611,126600,131589,144525,170069,197878,225919,246847,266037,285438,298813,315022,333218,349270,371339,401548,441009,483393,537528,589257,626088,671104,705681,748565,769719,794764,820156,850989,878083,879501,922987,976911,1030833,1080044,1129836,1157796,1145190,1211431,1247975,1344595,1447099,1532210,1596932,1681882,1768612,1857849,1957061,2058724
Health Consumption Expenditures,          Medicare,0,0,0,0,0,0,1842,4924,6218,7045,7672,8443,9325,10730,13428,16336,19694,22891,26668,30922,37387,44769,52351,59559,66207,71829,76829,83081,88965,101137,110182,120617,135996,149965,167670,184393,198750,210376,209420,213173,224829,247686,265381,282668,311122,339762,403692,432749,466969,498627,519535,544565,568310,588856,617327,647873,675878,704913,749553,801969,831228,900787,944197,1019526,1093039,1190363,1290227,1393834,1503974,1620784,1730997,1848702
Health Consumption Expenditures,          Medicaid (Title XIX),0,0,0,0,0,0,1304,3141,3541,4174,5290,6695,8314,9423,11073,13446,15188,17464,19465,22332,26032,30307,32011,35266,38233,40937,45383,50339,55080,61952,73661,93211,108186,122373,134414,144862,152170,160849,169013,183471,200383,224132,248100,268963,290743,309351,306680,325856,344397,374709,397365,406747,422737,444976,498159,542995,564869,578501,596191,615009,672012,734011,804702,834427,816738,853906,902357,956030,1016381,1073251,1134327,1198434
Health Consumption Expenditures,          Other Health Insurance,1685,1768,1822,1940,1919,1951,2231,2592,2789,2983,3302,3749,4288,4880,5375,5970,6761,7068,7927,8531,9689,10849,12063,12789,13912,15196,16409,17438,18408,19407,21385,23389,24215,25645,26444,26885,27518,27541,28933,31886,35804,40675,47132,55037,60016,63865,69991,74583,81928,90238,95565,100131,102386,105923,112592,121057,125417,132089,136542,145034,157130,172137,183584,204395,217938,230295,241436,252304,262924,274079,285520,297477
Health Consumption Expenditures,     Other Third Party Payers and Programs,4081,4541,4938,5461,5946,6660,6563,6333,7227,8158,9427,10171,10911,12071,13759,15466,17545,19726,22671,26183,30762,35459,39459,42437,45748,51393,57722,64004,72745,77708,85267,90955,97148,103536,107565,111739,116363,122281,132738,137115,141717,149884,160074,176513,186425,195216,207209,217983,211444,216353,227724,230738,248189,261817,266781,274389,288298,301970,316253,333481,514025,408974,368241,387435,411621,434630,454690,476711,500069,524183,550233,576820
Health Consumption Expenditures,     Public Health Activity,371,409,456,509,572,621,733,861,969,1174,1356,1676,1855,2123,2584,2967,3213,3815,4588,5375,6445,7531,8621,9251,9842,11212,12387,13572,15267,17773,19997,22129,24374,26779,29594,31003,32377,34832,37457,40731,43050,46792,52201,54228,54934,57252,60892,65969,71559,74191,75696,74425,77188,81476,84413,85546,89951,95455,99388,107073,238274,187604,219289,167812,167461,165561,166225,167469,171711,177398,183602,189984
Personal Health Care,Total Expenditures,23124,24624,26530,28976,31825,34421,38009,42989,48624,54871,62369,68700,76389,85344,97827,112110,128091,145122,162402,184912,214321,248626,279493,308006,337879,372633,405373,444420,495055,547023,611912,672590,728263,775483,817657,866471,914642,965620,1019190,1078770,1156548,1256534,1365481,1475864,1582380,1693830,1806451,1921490,2007153,2105465,2180461,2253897,2346203,2405174,2527085,2674257,2795557,2903812,3019768,3173081,3366975,3553387,3659323,3896713,4091561,4341129,4578052,4845312,5128329,5418688,5719735,6034175
Personal Health Care,     Out of pocket,12778,13193,14085,15171,16669,17863,18132,17985,19951,21911,24208,25515,27805,30737,33311,36036,39281,43137,46043,49929,55258,61932,68606,74660,82417,91566,99655,105844,116236,122598,133764,136771,139139,140251,138262,140809,146076,156144,170998,180883,193555,200879,219144,235149,248415,264486,277950,293596,300063,296656,301469,310195,323198,330965,340811,353504,365936,372891,386811,402950,392291,433153,451769,475192,497819,519637,538539,560045,583232,607025,633010,659265
Personal Health Care,     Health Insurance,6551,7200,7861,8709,9668,10500,13886,19219,22087,25457,29385,33684,38456,43446,51668,61559,72416,83817,95588,111126,130837,154040,174564,194052,212961,233152,251247,278203,310394,351348,398119,449890,497885,539486,580587,622917,661600,695988,724084,769635,832923,919882,1004590,1087923,1173616,1261487,1350344,1436541,1517210,1611332,1670155,1732655,1797812,1839961,1948766,2076133,2170033,2258185,2348454,2468133,2492365,2739322,2869460,3066183,3216249,3423210,3623534,3849787,4088950,4334272,4586350,4851221
Personal Health Care,          Private Health Insurance,4878,5444,6053,6782,7763,8563,8694,8895,10003,11781,13800,15526,17388,19423,23014,27203,32481,38163,43668,51643,60277,71032,81131,89794,98401,109564,117240,132317,153656,175298,200102,220640,238289,251658,264460,280632,296833,314035,335670,361065,394791,432967,472719,511790,545587,587113,618482,656211,679584,709206,725362,752526,778670,779946,815474,870211,918639,957678,990353,1029837,995635,1091025,1115633,1196357,1283821,1357401,1413596,1488692,1565390,1644485,1732220,1822385
Personal Health Care,          Medicare,0,0,0,0,0,0,1722,4731,5931,6735,7276,8036,8851,10182,12748,15610,18815,22136,25666,29900,36260,43457,51060,58116,64599,69760,74714,80875,86313,98167,107136,117123,132191,145978,163101,179427,193018,203362,201562,206035,216333,239111,256551,274001,300096,326278,382298,408708,442013,470086,488820,511818,533612,553539,579273,606235,629020,659132,696689,746641,759590,839862,873940,940419,1003738,1092796,1183676,1277334,1376894,1482464,1581873,1688053
Personal Health Care,          Medicaid (Title XIX),0,0,0,0,0,0,1252,3019,3385,3984,5039,6411,7973,9013,10590,12839,14429,16520,18406,21134,24697,28795,30418,33486,36181,38761,43019,47719,52173,58651,69693,88921,103417,116453,126856,136250,144510,151352,158316,171281,186943,208435,230096,249447,270746,287581,283315,301114,317890,346347,365707,373684,388256,405666,446921,484506,503379,516017,531540,553564,587747,644820,705583,735128,721712,754535,797568,845203,898578,949260,1003932,1061757
Personal Health Care,          Other Health Insurance,1674,1756,1809,1927,1906,1937,2218,2575,2768,2957,3270,3711,4244,4829,5316,5907,6691,6998,7848,8449,9602,10756,11955,12656,13780,15067,16274,17292,18252,19232,21188,23205,23987,25398,26170,26607,27239,27239,28537,31255,34856,39369,45224,52685,57188,60515,66249,70509,77724,85693,90266,94626,97275,100810,107098,115181,118994,125358,129871,138090,149394,163614,174304,194280,206979,218478,228694,238558,248088,258062,268324,279026
Personal Health Care,     Other Third Party Payers and Programs,3794,4232,4584,5095,5488,6058,5991,5785,6586,7503,8777,9501,10128,11160,12849,14515,16393,18168,20771,23858,28226,32654,36323,39294,42501,47915,54471,60374,68425,73078,80029,85929,91239,95745,98808,102746,106966,113488,124108,128252,130070,135773,141747,152793,160349,167856,178157,191353,189879,197476,208837,211047,225193,234247,237509,244620,259588,272736,284504,301998,482319,380912,338094,355338,377492,398282,415979,435480,456147,477392,500375,523690
Hospital Expenditures,Total Expenditures,8985,9777,10432,11507,12501,13545,15298,17798,20537,23367,27168,30224,33846,37920,44139,51234,59402,67023,75621,86162,100517,117480,133647,144745,154366,164575,175766,189651,206452,225977,250430,275756,298475,315735,328376,339313,350813,363403,374911,393630,415532,449360,486482,525892,565327,608600,651209,691887,721630,771040,808795,833246,877968,906804,940526,988971,1035398,1077580,1122658,1193588,1267833,1323912,1335000,1459782,1541774,1643705,1738519,1849515,1967382,2085262,2207508,2335680
Hospital Expenditures,     Out of pocket,1839,1881,1936,2190,2483,2664,2285,1794,2141,2136,2428,2433,2946,3562,3964,4272,4485,4811,4965,5141,5334,6216,7147,7558,8022,8695,8413,8908,9696,10213,11067,11769,12205,12023,10571,10024,10177,10944,11881,12593,13317,13653,15169,16865,18159,19542,20920,21930,23059,25018,27001,28375,30965,33177,32433,30624,31579,32775,34295,36413,32372,34083,32202,35341,38666,41037,42472,44333,46104,47958,49991,52014
Hospital Expenditures,     Health Insurance,4503,5011,5442,5932,6464,7036,9184,12347,14214,16499,19258,21843,24298,27174,31972,37954,44827,51362,58501,67397,79392,93095,106443,116374,125168,132831,140901,151869,164822,183365,205001,227762,249030,265426,278397,290337,300855,310382,318224,335270,355560,387833,421260,453422,489330,528125,563334,596898,629738,670907,698727,720916,755506,775743,810392,862108,903363,938507,977306,1034105,1026731,1136493,1161928,1272778,1339428,1429528,1515651,1616341,1723784,1830855,1941211,2057313
Hospital Expenditures,          Private Health Insurance,3139,3599,4029,4459,4987,5499,5484,5504,6234,7333,8654,9673,10683,11799,14105,16695,19780,22930,26390,31028,36082,41801,48355,52261,54705,57564,61290,67033,74677,84086,94675,100175,103681,105037,105012,105267,107467,111848,118359,125963,138246,150308,165850,180773,196047,212199,231694,247150,257595,273988,284428,295492,312553,315568,324502,350270,372858,389984,408178,433573,404329,448778,441612,490983,539964,578932,607106,643357,679255,717548,759419,802388
Hospital Expenditures,          Medicare,0,0,0,0,0,0,1255,3225,4108,4811,5359,5920,6537,7537,9388,11502,13902,16187,18639,21647,26278,31521,36662,40989,45415,48626,50793,53455,56290,62105,67336,73244,82976,91397,99730,108127,114361,119102,117825,121238,123510,135204,143680,151034,162883,176584,184931,193394,205900,214783,220763,227733,237963,246270,253439,261803,274094,286502,300556,318906,321074,350726,353849,392825,415558,448061,484185,523435,564527,608636,650661,695837
Hospital Expenditures,          Medicaid (Title XIX),0,0,0,0,0,0,726,1624,1703,2031,2647,3316,3738,3990,4226,5014,5766,6602,7008,7774,9214,11062,11782,12947,13961,14624,15963,17773,19712,22269,26663,36545,43940,49458,53671,56800,58871,59621,61705,66810,70941,77380,84466,90325,96807,103825,108904,117295,122938,133998,142170,144346,150635,157074,171744,186097,190070,192231,197854,207414,221377,245307,268980,279533,266766,278505,294447,313775,338747,357703,378280,400228
Hospital Expenditures,          Other Health Insurance,1364,1412,1412,1473,1477,1537,1718,1995,2169,2324,2599,2934,3340,3847,4253,4743,5380,5643,6463,6948,7817,8711,9644,10177,11086,12017,12855,13608,14144,14905,16327,17798,18433,19534,19984,20143,20157,19811,20336,21260,22862,24942,27265,31290,33593,35517,37805,39059,43305,48139,51366,53344,54355,56832,60708,63938,66341,69790,70717,74212,79951,91682,97486,109436,117140,124029,129913,135775,141255,146968,152851,158861
Hospital Expenditures,     Other Third Party Payers and Programs,2643,2885,3054,3386,3553,3844,3828,3656,4183,4732,5482,5947,6601,7184,8203,9007,10090,10850,12155,13624,15791,18169,20056,20813,21176,23049,26451,28874,31934,32399,34362,36224,37240,38286,39408,38951,39781,42077,44805,45767,46655,47873,50053,55606,57838,60932,66956,73059,68834,75115,83067,83956,91497,97884,97701,96239,100456,106298,111057,123070,208730,153335,140870,151663,163680,173140,180396,188841,197495,206450,216306,226353
Physician and Clinical Expenditures,Total Expenditures,5551,5814,6261,7074,8109,8587,9309,10448,11344,12716,14331,15917,17706,19559,22244,25318,28679,33120,35848,41220,47731,55614,61630,68658,77429,90862,100729,112925,128638,143333,158980,176566,191258,202744,212743,222248,230807,241636,256483,269516,288191,312697,337691,364323,384594,409792,433010,457329,481475,497481,512353,535776,557122,568263,598262,637385,676762,709412,736188,767920,818446,864563,885063,930037,977697,1039246,1096181,1160358,1228705,1298825,1370599,1445463
Physician and Clinical Expenditures,     Out of pocket,3288,3378,3575,4006,4613,4852,4817,4805,5102,5743,6426,6844,7333,7758,8422,9041,10042,11318,11576,12841,14130,16044,17238,18512,20580,24107,26823,27812,29340,29686,29891,30547,30117,29131,27591,25868,26520,27884,29105,29901,31481,32911,34554,36694,37602,40614,42609,44867,46000,44495,47594,50383,50856,51826,52877,55483,58136,59558,60818,61967,60326,65570,66960,68813,72750,76553,79963,83581,87382,91268,95491,99680
Physician and Clinical Expenditures,     Health Insurance,1814,1941,2146,2486,2854,3025,3747,4861,5434,6148,6922,7947,9091,10293,12016,13838,15924,18654,20562,23934,28200,33131,37241,41982,47231,55094,60385,69339,80993,93205,106409,121122,133773,144769,155432,165113,171854,179591,188068,199213,216792,237769,259841,281523,297834,318503,337569,356712,377303,395789,406207,426464,443135,451778,480030,511382,541259,568577,591980,620954,629856,693133,733084,774800,815088,868191,917532,973710,1033603,1095184,1157723,1223430
Physician and Clinical Expenditures,          Private Health Insurance,1570,1667,1821,2106,2500,2711,2772,2847,3110,3600,4141,4695,5344,5994,6885,7807,9145,10855,11833,13960,16308,19129,21217,23517,26982,32633,34722,39995,48952,57020,65645,76356,85261,93039,99075,104081,107664,111277,116432,121918,131715,144104,157571,171335,176873,189977,199160,209893,217529,221267,223688,233787,241061,239735,247874,263708,283621,297763,300842,304491,305746,328077,340722,355763,380229,401565,416203,435065,455096,475434,497533,519227
Physician and Clinical Expenditures,          Medicare,0,0,0,0,0,0,443,1226,1457,1570,1643,1855,2027,2271,2854,3467,4100,4980,5872,6871,8315,9838,11757,13860,15401,17001,19445,22494,24401,27674,30425,31981,33652,35244,38719,42189,44587,47542,50140,54130,59072,64302,68637,74169,81263,86408,92413,97260,105557,114129,118151,124871,131250,135660,142237,149336,154509,164143,178132,194250,194046,222082,235071,252242,268273,291780,316376,343558,373219,403205,431742,463125
Physician and Clinical Expenditures,          Medicaid (Title XIX),0,0,0,0,0,0,141,348,429,519,649,846,1093,1353,1539,1783,1822,1897,1991,2153,2432,2839,2793,3092,3190,3521,4028,4477,4913,5600,7026,9113,11152,12683,13695,14788,15241,16310,16766,17478,19294,21435,24039,25205,27993,30095,31810,33579,35991,40296,43404,45321,47317,51895,64472,70070,73064,74868,78371,83856,87301,99332,111060,115793,112404,117622,124765,132097,139429,147663,156501,165817
Physician and Clinical Expenditures,          Other Health Insurance,244,275,325,380,353,314,390,441,437,459,489,550,627,675,738,781,857,921,866,951,1144,1325,1474,1512,1658,1939,2190,2373,2727,2911,3312,3672,3708,3803,3945,4056,4362,4462,4731,5687,6711,7928,9593,10814,11705,12022,14186,15978,18227,20096,20965,22484,23507,24488,25447,28268,30065,31803,34635,38356,42764,43642,46231,51001,54182,57225,60187,62990,65859,68883,71947,75261
Physician and Clinical Expenditures,     Other Third Party Payers and Programs,449,494,539,582,643,709,745,781,808,824,983,1127,1282,1507,1806,2439,2712,3148,3710,4445,5401,6438,7151,8165,9619,11661,13521,15774,18304,20442,22680,24897,27369,28844,29720,31267,32433,34162,39309,40402,39918,42017,43296,46107,49158,50676,52833,55750,58172,57197,58552,58929,63131,64659,65355,70520,77366,81277,83390,84999,128264,105860,85019,86424,89859,94501,98686,103068,107720,112373,117386,122353
Dental Services Expenditures,Total Expenditures,1987,2104,2225,2372,2617,2819,2993,3447,3707,4220,4718,5239,5588,6404,7152,8032,9048,10135,11044,11990,13327,15715,16980,18300,19870,21707,23179,25339,27414,29397,31620,33421,37156,39028,41578,44634,46961,50312,53630,57300,62133,67709,73636,76316,82189,87201,91766,97732,102762,103380,105899,108022,109700,111376,114694,119961,126197,131127,137389,143660,139313,161777,166910,174431,183426,193161,200818,209780,219244,228980,239331,249653
Dental Services Expenditures,     Out of pocket,1906,2018,2135,2275,2515,2703,2826,3148,3322,3789,4243,4678,4947,5621,6128,6517,6930,7549,7918,8237,8699,9957,10444,10926,11516,12212,12658,13118,13846,14485,15316,15863,17322,17727,18642,19759,20551,22583,24239,25645,28058,29734,32553,34000,36332,38510,42194,44734,47628,45662,45255,46139,46772,46966,47257,50359,53020,54753,57303,60408,53747,63436,66275,68941,72959,76629,79220,82288,85553,88850,92390,95834
Dental Services Expenditures,     Health Insurance,64,64,66,71,71,81,146,284,362,403,449,530,604,739,965,1433,2009,2450,2966,3572,4415,5489,6239,7049,7994,9082,10080,11736,13053,14355,15726,16932,19131,20557,22133,24014,25485,26751,28379,30585,32912,36746,39813,41084,44617,47398,48270,51666,53790,56268,59152,60426,61450,62907,65978,68150,71645,74800,78283,81381,75153,89620,96038,100704,105385,111137,115878,121445,127282,133350,139755,146207
Dental Services Expenditures,          Private Health Insurance,38,37,38,41,43,55,68,104,113,180,212,248,292,378,550,939,1486,1900,2442,2995,3753,4736,5582,6385,7368,8376,9314,10920,12200,13468,14696,15669,17609,18532,20037,21831,23220,24364,25785,27843,29837,32822,35030,35875,38985,41275,41715,44399,45277,46115,47919,48862,49605,50592,52564,52932,55609,57934,60504,62217,56193,64934,68829,71598,75918,79902,82511,85830,89350,92896,96712,100409
Dental Services Expenditures,          Medicare,0,0,0,0,0,0,0,0,0,0,0,0,0,0,0,0,0,0,0,0,0,0,0,0,0,1,1,1,2,2,2,16,17,34,41,55,75,91,102,82,85,86,79,70,71,86,103,164,221,296,242,294,368,478,408,459,513,867,1201,1938,2531,4729,5482,6286,6855,7570,8352,9219,10142,11120,12069,13096
Dental Services Expenditures,          Medicaid (Title XIX),0,0,0,0,0,0,43,138,201,168,162,179,183,228,295,364,390,424,392,440,503,581,485,501,456,510,554,591,617,638,756,945,1196,1675,1741,1807,1872,1974,2129,2180,2400,3090,3709,4035,4264,4578,4791,5225,6246,7634,8392,8456,8493,8717,9773,11231,11889,12217,12644,13217,12637,15263,16914,17586,17046,17778,18801,19852,20900,22078,23342,24672
Dental Services Expenditures,          Other Health Insurance,26,27,28,30,28,27,35,42,47,55,76,103,129,133,120,130,132,126,132,137,159,173,172,164,171,195,211,224,235,247,271,302,308,316,314,321,317,321,364,480,589,748,995,1104,1297,1460,1661,1878,2046,2223,2600,2814,2984,3120,3232,3528,3634,3782,3934,4009,3791,4695,4813,5234,5566,5886,6214,6545,6890,7255,7633,8029
Dental Services Expenditures,     Other Third Party Payers and Programs,17,22,24,26,31,34,20,15,23,28,26,31,36,45,59,83,109,136,160,182,213,268,297,325,360,413,440,484,514,556,578,626,703,743,803,861,926,978,1012,1070,1163,1230,1270,1231,1240,1293,1303,1332,1345,1450,1492,1457,1478,1503,1459,1453,1532,1574,1803,1870,10413,8720,4596,4787,5082,5396,5719,6047,6409,6780,7185,7612
Other Professional Services Expenditures,Total Expenditures,392,409,429,451,486,533,572,608,644,678,726,793,893,1022,1163,1337,1564,2058,2403,2847,3478,4273,4917,5651,7328,8113,9284,11329,13722,14499,17278,18559,20860,22956,23974,26671,28857,31275,33424,34614,36647,40266,43338,46523,50211,52795,55264,60055,64486,67037,69889,72794,76429,78012,82351,87315,92073,96923,104494,110936,117702,130647,139714,148302,156321,165562,174220,184321,195197,206223,217458,229200
Other Professional Services Expenditures,     Out of pocket,340,342,350,359,381,393,387,372,361,345,321,284,306,387,432,629,726,995,1169,1358,1652,1959,2175,2391,3074,3187,3468,4115,4935,4997,5898,6051,6611,7032,7037,7541,7842,8853,9530,10138,10617,11211,11928,12625,13405,13760,14419,15812,16858,16994,17682,18323,19128,19271,20436,21450,22576,23904,25855,26991,26232,29490,32080,33903,35896,37774,39403,41214,43140,45124,47267,49392
Other Professional Services Expenditures,     Health Insurance,8,11,14,18,23,28,46,72,80,82,97,123,155,214,273,396,483,643,742,900,1114,1435,1708,2051,2715,3078,3643,4580,5651,6067,7519,8323,9563,10876,11682,13463,14997,16035,17401,17872,19316,21979,23916,26248,28908,30898,32608,35440,38556,40862,42729,44713,47097,48511,51402,55035,58310,61621,66421,71356,70959,83704,93552,99709,104922,111527,117874,125458,133656,141936,150208,159015
Other Professional Services Expenditures,          Private Health Insurance,8,11,14,18,23,28,31,34,36,38,39,44,59,90,117,197,258,398,492,600,766,1009,1236,1491,2095,2362,2785,3569,4509,4804,5960,6419,7356,8196,8586,9623,10458,11112,11421,11918,12561,13722,14972,16467,17800,18360,19259,21181,22511,22667,23533,24585,25838,25710,26477,27685,29469,30689,32758,34170,33416,37490,41166,43815,46478,48975,50598,52945,55439,57957,60694,63410
Other Professional Services Expenditures,          Medicare,0,0,0,0,0,0,3,10,13,15,18,22,27,34,47,63,74,87,106,131,167,201,259,332,383,460,560,669,780,897,1113,1354,1614,1846,2237,2824,3331,3620,4658,4483,5127,6368,6608,7295,8079,9213,9951,10661,12047,13370,14068,15131,16250,17454,18705,20220,21241,23240,25613,28670,28789,36240,41597,44823,47654,51388,55582,60266,65421,70563,75431,80819
Other Professional Services Expenditures,          Medicaid (Title XIX),0,0,0,0,0,0,11,28,31,29,40,56,69,90,108,136,150,158,144,169,181,225,214,228,238,256,298,342,362,366,445,549,594,834,859,1016,1207,1304,1316,1428,1571,1815,2216,2373,2924,3204,3225,3451,3834,4650,4960,4792,4783,5093,5967,6839,7269,7312,7653,8083,8298,9494,10301,10544,10227,10566,11061,11575,12085,12662,13284,13939
Other Professional Services Expenditures,          Other Health Insurance,0,0,0,0,0,0,0,0,0,0,0,0,0,0,0,0,0,0,0,0,0,0,0,0,0,0,0,0,0,0,0,0,0,0,0,0,0,0,6,42,56,74,120,113,106,121,173,147,163,175,168,205,226,253,252,291,331,380,396,433,456,480,489,527,563,598,633,671,712,754,800,847
Other Professional Services Expenditures,     Other Third Party Payers and Programs,44,56,64,73,82,113,140,163,202,250,308,386,433,422,458,312,355,420,492,589,711,879,1034,1209,1539,1848,2172,2635,3136,3436,3862,4186,4685,5048,5255,5666,6019,6388,6493,6605,6714,7076,7494,7650,7898,8136,8237,8803,9072,9181,9478,9758,10204,10231,10514,10829,11187,11398,12218,12590,20511,17453,14081,14690,15502,16261,16943,17649,18401,19163,19983,20793
Home Health Care Expenditures,Total Expenditures,57,61,65,69,75,89,108,164,238,272,220,194,220,276,423,623,896,1147,1556,1899,2378,2938,3482,4237,5129,5633,6368,6636,8406,10213,12534,15135,18690,22748,27307,32270,35716,36885,34072,32756,32294,34271,36465,40179,44641,49343,52052,57475,62165,66999,70525,74623,78076,80940,84670,89565,93707,99365,105552,112370,125003,125195,131544,141470,149291,160533,172525,186918,201893,217156,233275,250568
Home Health Care Expenditures,     Out of pocket,7,8,8,8,9,11,13,14,21,24,21,19,23,29,47,79,119,152,229,283,363,437,513,625,769,885,1094,1139,1640,1952,2233,2535,3001,3628,4131,5142,5938,6317,6958,6737,6159,6321,6020,5985,6174,6512,5844,5706,5860,5650,5765,7129,7508,7984,8524,8709,9041,10513,11874,12269,12226,12895,14191,15864,17767,19520,20910,22519,24388,26261,28215,30235
Home Health Care Expenditures,     Health Insurance,3,3,3,4,4,4,15,57,80,94,83,82,96,120,197,330,498,643,824,1043,1277,1700,2125,2642,3230,3548,3935,4201,5164,6447,8302,10445,13320,16531,20368,24048,26527,27340,23950,22661,23229,25059,27684,31442,35644,39970,43724,49269,53907,59125,62563,65113,68012,70315,73591,78280,82037,85961,90697,96974,100085,106059,113740,121738,127298,136424,146679,159071,171724,184662,198361,213145
Home Health Care Expenditures,          Private Health Insurance,1,2,2,2,2,2,2,3,5,7,7,7,9,14,25,48,83,121,190,255,349,445,549,696,884,1045,1323,1403,2052,2473,2858,3267,3888,4716,5378,6694,7719,8188,8812,8355,7713,6783,6549,6684,6538,6677,5567,5325,5197,4985,5072,6016,7058,8442,9730,10306,11507,13195,14351,15607,15550,15926,18072,20082,22262,24330,26087,28147,30554,32948,35635,38471
Home Health Care Expenditures,          Medicare,0,0,0,0,0,0,9,48,67,75,59,52,61,79,128,189,272,352,434,538,638,830,1074,1316,1554,1599,1572,1561,1729,2193,3269,4647,6454,8315,11100,12987,14067,13906,9492,8292,8650,9900,11338,13235,15536,18208,21060,24263,27052,30280,31721,32173,33508,33644,34283,35829,37155,38441,40462,43342,43786,46583,47450,50782,53752,58230,63507,70486,77328,84077,90933,98471
Home Health Care Expenditures,          Medicaid (Title XIX),0,0,0,0,0,0,2,3,5,9,15,20,22,22,38,86,134,162,191,240,277,412,488,615,774,886,1019,1213,1358,1754,2144,2495,2939,3456,3841,4313,4676,5169,5558,5913,6756,8255,9664,11352,13389,14825,16822,19451,21375,23545,25414,26535,27046,27800,29111,31464,32657,33584,35055,37137,40139,42788,47096,49582,49855,52301,55395,58629,61912,65576,69534,73728
Home Health Care Expenditures,          Other Health Insurance,2,2,2,2,2,2,2,2,3,3,3,3,4,5,6,7,8,9,10,11,12,13,15,16,17,18,21,23,25,28,32,35,39,44,48,53,66,77,87,101,111,121,133,172,180,260,275,230,284,315,357,389,401,429,467,681,719,741,828,888,610,762,1121,1291,1429,1562,1689,1808,1930,2061,2259,2474
Home Health Care Expenditures,     Other Third Party Payers and Programs,46,50,53,57,62,74,79,93,137,153,116,92,101,128,180,214,279,352,503,574,739,801,844,970,1130,1200,1339,1296,1602,1813,1999,2155,2369,2589,2808,3079,3251,3228,3164,3357,2906,2890,2760,2752,2823,2862,2484,2500,2397,2224,2196,2381,2556,2641,2556,2576,2629,2891,2981,3127,12692,6242,3613,3867,4226,4590,4936,5328,5781,6233,6699,7188
Other Non-Durable Medical Products Expenditures,Total Expenditures,1486,1632,1765,1843,1868,1911,1959,2015,2171,2323,2628,2720,2877,3149,3492,3823,4199,4518,5282,6200,7124,8131,8996,10058,11184,12195,13384,14745,15698,17006,18488,19234,19072,19441,19793,20363,21069,21594,22521,24139,25195,26061,27905,30338,32724,35510,38666,41740,45309,47642,51820,56565,61213,63181,65516,69270,71876,74568,77601,81208,85367,97387,103050,109608,115867,122762,128543,134873,141364,147928,155263,162737
Other Non-Durable Medical Products Expenditures,     Out of pocket,1486,1632,1765,1843,1868,1911,1957,2010,2165,2316,2619,2710,2864,3134,3471,3795,4165,4474,5223,6126,7026,8001,8828,9839,10930,11908,13055,14365,15280,16530,17931,18492,18207,18482,18773,19156,19842,20261,21171,22812,23761,24480,26227,28477,30699,33370,36370,39201,42592,44848,48812,53438,57940,60466,63238,67006,69774,72609,75512,78999,83033,95055,100571,106976,113146,119874,125465,131615,137924,144295,151443,158734
Other Non-Durable Medical Products Expenditures,     Health Insurance,0,0,0,0,0,0,2,5,6,7,9,10,13,15,21,28,34,44,59,74,98,130,168,219,254,287,329,380,418,476,557,742,865,959,1020,1207,1227,1333,1350,1327,1434,1581,1678,1861,2025,2140,2295,2539,2717,2794,3008,3126,3271,2713,2278,2264,2102,1959,2089,2209,2334,2332,2479,2632,2721,2887,3078,3258,3440,3633,3820,4003
Other Non-Durable Medical Products Expenditures,          Private Health Insurance,0,0,0,0,0,0,0,0,0,0,0,0,0,0,0,0,0,0,0,0,0,0,0,0,0,0,0,0,0,0,0,0,0,0,0,0,0,0,0,0,0,0,0,0,0,0,0,0,0,0,0,0,0,0,0,0,0,0,0,0,0,0,0,0,0,0,0,0,0,0,0,0
Other Non-Durable Medical Products Expenditures,          Medicare,0,0,0,0,0,0,2,5,6,7,9,10,13,15,21,28,34,44,59,74,98,130,168,219,254,287,329,380,418,476,557,742,865,959,1020,1207,1227,1333,1350,1327,1434,1581,1678,1861,2025,2140,2295,2539,2717,2794,3008,3126,3271,2713,2278,2264,2102,1959,2089,2209,2334,2332,2479,2632,2721,2887,3078,3258,3440,3633,3820,4003
Other Non-Durable Medical Products Expenditures,          Medicaid (Title XIX),0,0,0,0,0,0,0,0,0,0,0,0,0,0,0,0,0,0,0,0,0,0,0,0,0,0,0,0,0,0,0,0,0,0,0,0,0,0,0,0,0,0,0,0,0,0,0,0,0,0,0,0,0,0,0,0,0,0,0,0,0,0,0,0,0,0,0,0,0,0,0,0
Other Non-Durable Medical Products Expenditures,          Other Health Insurance,0,0,0,0,0,0,0,0,0,0,0,0,0,0,0,0,0,0,0,0,0,0,0,0,0,0,0,0,0,0,0,0,0,0,0,0,0,0,0,0,0,0,0,0,0,0,0,0,0,0,0,0,0,0,0,0,0,0,0,0,0,0,0,0,0,0,0,0,0,0,0,0
Other Non-Durable Medical Products Expenditures,     Other Third Party Payers and Programs,0,0,0,0,0,0,0,0,0,0,0,0,0,0,0,0,0,0,0,0,0,0,0,0,0,0,0,0,0,0,0,0,0,0,0,0,0,0,0,0,0,0,0,0,0,0,0,0,0,0,0,1,2,2,0,0,0,0,0,0,0,0,0,0,0,0,0,0,0,0,0,0
Prescription Drug Expenditures,Total Expenditures,2676,2718,3029,3159,3347,3715,3985,4227,4742,5149,5497,5877,6324,6817,7422,8052,8722,9196,9891,10744,12049,13398,15029,17323,19617,21795,24290,26888,30646,34757,40290,44381,46972,49551,53019,59766,68084,77636,88523,105294,122003,140583,159812,179654,195638,208595,228099,239335,244324,254254,253371,256329,256996,259371,290642,312229,313323,315829,324170,338080,350629,377987,397384,411629,426737,447538,470423,492104,514714,540114,565381,591834
Prescription Drug Expenditures,     Out of pocket,2570,2596,2890,3007,3141,3446,3600,3720,4130,4374,4544,4767,5052,5361,5747,6118,6547,6846,7238,7614,8648,9037,10518,11532,12833,13955,15875,16846,18880,20801,23128,23830,23956,24385,23748,23804,24728,26182,28127,31442,34736,37743,45461,50084,52609,55759,56485,56772,54284,51687,47742,45272,45117,44666,48553,52013,50301,47301,47416,48322,48324,49839,51139,52492,49399,47332,47261,47074,47183,47683,48128,48840
Prescription Drug Expenditures,     Health Insurance,37,40,44,44,80,125,277,431,522,681,881,1031,1182,1357,1563,1805,2031,2197,2487,2905,3138,4049,4165,5374,6290,7208,7654,9170,10734,12703,15668,18969,21372,23504,27461,33954,41151,48982,57547,70544,83365,98232,109167,123783,137103,146554,165414,176663,184357,196821,200157,205796,207325,210179,237742,255744,258646,264255,272343,285238,298005,323654,341565,354231,372163,394771,417446,438986,461133,485676,510090,535423
Prescription Drug Expenditures,          Private Health Insurance,33,36,40,40,76,122,171,223,298,376,457,528,609,702,810,916,1040,1138,1356,1646,1706,2412,2463,3432,4030,4820,4589,5662,6771,8430,10341,12619,14111,15307,18221,23387,29095,35152,41377,50980,59914,70102,75520,83781,91856,99481,99566,104914,107665,115092,114343,115354,112832,110077,122823,130563,129145,130482,133881,137911,139765,151680,156369,163237,165469,167360,172249,181615,190783,199554,210305,222727
Prescription Drug Expenditures,          Medicare,0,0,0,0,0,0,0,0,0,0,0,0,0,0,0,0,0,0,0,0,0,0,0,0,2,13,32,58,82,115,156,198,253,318,406,568,749,890,1125,1407,1564,1810,1863,1862,2707,3157,38570,44640,48795,52230,56295,60266,63942,69758,79471,86371,89879,93536,97228,104585,111635,119923,127310,130035,146107,164274,178704,187425,196918,208832,218364,226920
Prescription Drug Expenditures,          Medicaid (Title XIX),0,0,0,0,0,0,103,205,219,300,417,495,563,644,739,871,969,1036,1107,1236,1408,1611,1669,1907,2219,2332,2986,3396,3814,4083,5077,6043,6883,7721,8627,9700,10824,12222,14031,16647,19771,23378,27523,32238,35852,36530,19122,18347,19242,20357,20423,20782,21049,21163,25266,27681,29328,29402,30430,31736,34419,39624,44669,47258,46500,48716,51738,54846,57972,61458,65201,69153
Prescription Drug Expenditures,          Other Health Insurance,4,4,4,4,4,3,3,3,4,5,6,8,10,11,13,18,21,22,23,24,24,26,32,34,39,44,48,54,67,75,94,108,125,158,206,299,482,717,1013,1510,2117,2942,4260,5901,6686,7386,8156,8762,8656,9143,9096,9393,9501,9180,10182,11129,10294,10835,10803,11006,12186,12427,13218,13701,14087,14421,14755,15101,15460,15833,16220,16622
Prescription Drug Expenditures,     Other Third Party Payers and Programs,68,82,95,108,126,144,108,76,90,94,72,80,90,100,112,130,145,154,166,225,263,312,347,417,495,631,761,873,1031,1253,1494,1582,1645,1663,1810,2009,2205,2473,2849,3308,3902,4607,5185,5787,5926,6282,6199,5900,5684,5745,5472,5261,4555,4526,4347,4473,4376,4273,4411,4519,4300,4495,4679,4906,5175,5436,5716,6044,6399,6755,7163,7571
Durable Medical Equipment Expenditures,Total Expenditures,740,765,910,901,1004,1105,1242,1128,1317,1512,1747,1799,2032,2247,2506,2801,2987,3205,3447,3781,4054,4330,4570,5250,6142,7056,8067,9466,11078,11887,13767,13081,13498,14140,15318,15860,17432,19218,21327,22157,26014,25350,29641,30714,33210,36183,39637,43350,42642,41365,39955,40560,43259,44921,46558,48661,50037,51641,54119,56460,55120,67126,72309,75395,78875,83406,87647,92682,97855,103214,108792,114541
Durable Medical Equipment Expenditures,     Out of pocket,685,706,842,831,927,1019,1128,987,1147,1297,1499,1528,1716,1884,2055,2252,2382,2498,2619,2781,2951,3074,3146,3561,4219,4880,5601,6625,7798,8145,9450,8539,8503,8624,9212,9021,9950,11012,12796,13112,15601,14132,16016,16444,18204,19619,21053,23804,22463,21106,19739,19392,20617,21884,22296,22544,23140,23643,23984,25114,23841,31374,33225,34047,35939,37720,39089,40833,42619,44395,46191,47965
Durable Medical Equipment Expenditures,     Health Insurance,40,40,49,50,55,61,85,108,130,169,196,213,253,296,373,463,515,610,723,882,981,1135,1297,1545,1755,1979,2237,2575,2968,3386,3910,4149,4599,5120,5706,6447,7072,7761,8035,8498,9818,10621,12907,13568,14280,15776,17735,18648,19303,19393,19373,20265,21700,22050,23282,25115,25867,26984,29042,30247,30323,34768,38078,40291,41838,44537,47361,50600,53935,57465,61186,65098
Durable Medical Equipment Expenditures,          Private Health Insurance,40,40,49,50,55,61,75,82,91,113,133,151,185,210,251,305,332,396,457,550,565,570,564,616,705,786,869,997,1220,1336,1516,1384,1351,1442,1634,1719,1954,2241,2734,2971,3742,3631,4852,4716,5095,5980,7038,7564,7137,7256,6859,7530,8162,8425,8847,9731,10436,10896,11928,11869,10431,13087,14198,14575,15121,15888,16492,17359,18231,19125,20237,21389
Durable Medical Equipment Expenditures,          Medicare,0,0,0,0,0,0,6,16,21,25,28,35,42,51,71,94,115,148,198,247,326,447,573,748,865,976,1111,1274,1388,1565,1812,2044,2359,2617,2797,3202,3463,3905,3737,3880,4199,4479,5273,6021,6231,6435,6886,7017,7892,7488,7508,7532,8087,7803,7774,7951,7632,8103,8874,9846,11134,12357,13897,15556,16682,18208,19899,21716,23633,25668,27638,29739
Durable Medical Equipment Expenditures,          Medicaid (Title XIX),0,0,0,0,0,0,5,9,18,32,35,27,26,36,51,65,68,66,67,86,90,118,160,181,185,217,256,303,360,484,583,721,889,1062,1276,1526,1655,1615,1560,1616,1835,2467,2709,2768,2896,3296,3749,3988,4189,4573,4918,5099,5331,5688,6536,7299,7628,7800,8053,8328,8541,9102,9749,9909,9766,10157,10667,11206,11733,12313,12929,13567
Durable Medical Equipment Expenditures,          Other Health Insurance,0,0,0,0,0,0,0,0,0,0,0,0,0,0,0,0,0,0,0,0,0,0,0,0,0,0,0,0,0,0,0,0,0,0,0,0,0,0,4,30,43,44,73,64,58,65,62,79,85,76,88,104,119,133,124,135,172,185,187,204,217,222,233,251,268,285,302,320,339,359,381,404
Durable Medical Equipment Expenditures,     Other Third Party Payers and Programs,16,18,19,20,22,24,29,33,40,47,52,58,62,67,77,85,89,97,105,117,121,121,126,144,167,197,229,267,312,357,407,393,396,396,400,392,410,444,496,547,594,597,718,702,726,789,849,898,876,866,844,903,942,988,980,1002,1030,1014,1093,1099,956,984,1006,1057,1099,1149,1198,1248,1301,1354,1415,1478
Nursing Care Facilities and Continuing Care Retirement Communities,Total Expenditures,811,841,876,1009,1168,1408,1732,2234,2851,3411,4034,4551,5227,5974,6928,8022,9057,10259,11845,13344,15270,17336,19478,21676,23713,26199,28642,30646,34225,38553,44745,49212,52848,55797,58385,64185,69235,74088,79106,80605,85045,90778,94500,100098,105073,111414,115897,124894,130419,135175,140452,145331,147342,148735,152550,156754,161953,163380,167663,174079,196890,181314,193609,201363,206128,215574,224838,234968,246308,257974,270394,283272
Nursing Care Facilities and Continuing Care Retirement Communities,     Out of pocket,603,576,524,589,662,786,1041,1048,1467,1778,1984,2121,2475,2845,2865,3169,3706,4304,4899,5311,6185,6854,8084,9140,9813,10973,11881,12128,13925,14790,17936,18267,18393,18288,17544,19430,19143,20453,24706,25848,26881,27421,27745,30118,31045,32360,33359,36157,37153,36652,37097,36802,38773,38835,39276,40169,43143,41767,43557,46019,45545,44391,47845,51542,53322,54706,55914,57347,59292,61092,63292,65471
Nursing Care Facilities and Continuing Care Retirement Communities,     Health Insurance,0,0,0,0,0,9,225,852,990,1038,1151,1582,2336,2647,3520,4243,4668,5213,6076,7052,7913,9139,9780,10653,11794,12785,14018,15555,16749,19774,21836,25526,28600,31272,35096,38071,43286,46191,47617,47856,51903,57450,60683,63396,67246,71606,74573,79064,84483,89309,93295,98586,97537,98708,101556,105067,106613,108434,110160,113002,116462,117952,126560,129471,131508,138592,145586,153151,161079,169467,178280,187532
Nursing Care Facilities and Continuing Care Retirement Communities,          Private Health Insurance,0,0,0,0,0,1,2,3,5,7,9,12,16,23,28,37,52,72,100,132,187,252,363,503,662,911,1210,1524,1873,2113,2703,2884,3024,3121,3967,5323,6199,6512,7155,7406,7225,7487,7902,7212,6561,6949,7815,8594,9188,9751,10619,10880,11523,11486,12077,13357,13879,14346,15337,16699,16652,16281,19056,20191,21192,22234,23297,24502,25942,27359,29000,30673
Nursing Care Facilities and Continuing Care Retirement Communities,          Medicare,0,0,0,0,0,0,0,190,244,216,143,121,120,165,200,220,260,267,268,283,307,337,367,392,423,455,460,501,734,2505,1703,1965,2892,3968,5610,6701,9497,11260,11441,9541,10910,13338,15026,15773,18260,20537,22378,24839,27606,30140,32289,35742,33883,34616,35492,36965,37007,37404,37618,38073,39832,40589,43064,41700,42638,46827,50285,54089,58159,62436,66757,71384
Nursing Care Facilities and Continuing Care Retirement Communities,          Medicaid (Title XIX),0,0,0,0,0,0,204,628,706,771,940,1367,2099,2338,3149,3810,4129,4646,5421,6327,7055,8138,8567,9204,10053,10695,11538,12656,13223,14229,16433,19563,21480,22838,24038,24516,25978,26803,27334,29129,31882,34572,35561,37872,39760,41341,41563,42341,44039,45511,46335,47650,47728,48105,49246,49750,50674,51314,51497,52192,53492,54267,57058,58447,57888,59244,61414,63836,66185,68810,71619,74534
Nursing Care Facilities and Continuing Care Retirement Communities,          Other Health Insurance,0,0,0,0,0,7,19,31,36,44,59,84,100,122,142,176,227,228,287,310,364,412,483,554,656,724,811,874,918,926,997,1114,1204,1346,1481,1531,1613,1616,1688,1780,1886,2054,2194,2539,2665,2779,2818,3290,3650,3907,4052,4314,4402,4501,4740,4995,5054,5370,5709,6038,6486,6815,7381,9133,9790,10287,10589,10723,10794,10862,10903,10941
Nursing Care Facilities and Continuing Care Retirement Communities,     Other Third Party Payers and Programs,207,264,351,420,506,613,467,334,394,596,899,848,417,483,544,610,684,741,870,981,1172,1343,1615,1883,2106,2441,2743,2964,3551,3990,4973,5418,5855,6237,5745,6685,6807,7445,6783,6901,6262,5907,6072,6585,6782,7448,7966,9673,8784,9214,10060,9943,11032,11191,11719,11518,12196,13179,13946,15058,34883,18972,19204,20350,21299,22276,23339,24470,25937,27415,28822,30270
"Other Health, Residential, and Personal Care Expenditures",Total Expenditures,438,505,538,590,650,709,811,921,1074,1222,1299,1388,1676,1975,2358,2869,3536,4461,5466,6724,8394,9412,10764,12108,13101,14497,15664,16794,18777,21401,23778,27245,29433,33344,37165,41162,45667,49572,55195,58759,63494,69459,76010,81827,88775,94397,100850,107693,111941,121094,127402,130651,138099,143570,151316,164147,174231,183987,189934,194780,210672,223479,234740,244697,255444,269642,284336,299793,315666,333012,351734,371227
"Other Health, Residential, and Personal Care Expenditures",     Out of pocket,52,56,59,63,70,76,78,85,97,110,122,133,142,158,179,164,179,190,207,237,268,354,513,577,661,765,786,788,896,999,913,879,824,932,1014,1063,1386,1656,2486,2654,2943,3272,3471,3859,4187,4441,4697,4612,4167,4545,4783,4943,5521,5889,5923,5148,5225,6068,6196,6448,6645,7020,7280,7274,7975,8491,8842,9241,9647,10099,10602,11100
"Other Health, Residential, and Personal Care Expenditures",     Health Insurance,83,89,97,105,117,130,160,202,269,334,339,323,428,592,770,1070,1427,2001,2648,3366,4309,4737,5398,6162,6529,7259,8063,8799,9841,11570,13192,15920,17632,20471,23291,26263,29146,31623,33513,35810,38595,42612,47640,51596,56630,60516,64823,69642,73057,80065,84944,87249,92781,97058,102516,112988,120190,127087,130133,132667,142456,151606,162435,169830,175899,185617,196449,207767,219314,232044,245716,260055
"Other Health, Residential, and Personal Care Expenditures",          Private Health Insurance,49,52,59,66,76,83,88,95,111,127,148,168,190,214,242,259,305,353,408,479,560,679,802,893,970,1066,1138,1213,1402,1566,1708,1866,2009,2269,2550,2706,3057,3342,3596,3710,3838,4008,4472,4947,5830,6215,6668,7191,7485,8085,8902,10020,10038,9910,10579,11659,12117,12389,12573,13300,13552,14773,15608,16113,17188,18215,19052,19873,20741,21664,22685,23691
"Other Health, Residential, and Personal Care Expenditures",          Medicare,0,0,0,0,0,0,4,11,14,16,18,21,25,29,38,48,57,70,89,110,131,153,201,261,302,342,411,481,489,635,762,932,1109,1279,1440,1568,1660,1713,1693,1655,1783,2044,2368,2680,3042,3509,3711,3930,4226,4577,4776,4949,5090,5143,5187,5038,4889,4937,4916,4821,4430,4302,3742,3537,3498,3571,3706,3882,4107,4295,4459,4658
"Other Health, Residential, and Personal Care Expenditures",          Medicaid (Title XIX),0,0,0,0,0,0,18,35,72,124,135,106,180,312,445,711,1000,1529,2084,2709,3536,3809,4259,4811,5104,5721,6377,6968,7814,9229,10567,12947,14344,16727,19108,21784,24186,26333,27917,30080,32492,36042,40207,43279,46860,49888,53329,57437,60037,65784,69691,70703,75873,80130,84805,94075,100801,107290,109982,111600,121543,129641,139754,146476,151260,159645,169280,179388,189617,200997,213242,226120
"Other Health, Residential, and Personal Care Expenditures",          Other Health Insurance,34,36,37,39,42,47,50,61,73,67,38,28,34,37,44,52,65,49,67,69,82,95,135,198,154,129,137,137,136,139,155,176,171,197,193,205,243,235,308,365,481,517,593,689,898,905,1114,1085,1308,1619,1575,1578,1779,1875,1945,2216,2383,2471,2662,2945,2931,2890,3332,3704,3954,4185,4411,4625,4850,5088,5331,5587
"Other Health, Residential, and Personal Care Expenditures",     Other Third Party Payers and Programs,302,361,383,422,462,503,574,634,708,778,839,932,1106,1225,1409,1635,1930,2271,2611,3121,3816,4322,4854,5369,5910,6474,6815,7207,8040,8832,9674,10447,10978,11940,12860,13835,15135,16293,19196,20295,21956,23576,24898,26373,27958,29440,31331,33439,34717,36484,37675,38459,39796,40623,42877,46010,48816,50832,53605,55665,61571,64852,65025,67592,71570,75534,79046,82784,86705,90869,95416,100072
Government Administration Expenditures,Total Expenditures,54,67,79,82,142,237,334,421,560,627,740,794,929,1087,1307,1493,1861,1942,2326,2507,2771,3154,3237,3592,4017,4536,4768,5110,5848,6534,7182,7951,8635,9233,10940,11672,10829,12215,13252,14470,17178,19731,22736,25366,27302,28450,28969,29331,29411,29726,30276,32996,34301,37520,41821,41790,44130,44037,46463,47562,48101,51454,54899,55064,57055,59568,62198,65488,69784,72957,75833,78292
Government Administration Expenditures,     Out of pocket,0,0,0,0,0,0,0,0,0,0,0,0,0,0,0,0,0,0,0,0,0,0,0,0,0,0,0,0,0,0,0,0,0,0,0,0,0,0,0,0,0,0,0,0,0,0,0,0,0,0,0,0,0,0,0,0,0,0,0,0,0,0,0,0,0,0,0,0,0,0,0,0
Government Administration Expenditures,     Health Insurance,12,12,13,13,13,13,184,329,460,522,672,721,849,1000,1209,1381,1692,1750,2120,2282,2529,2892,2953,3280,3659,4129,4286,4543,5178,5763,6347,6957,7531,8266,10001,10764,9841,11314,12479,13855,15918,17323,19339,21028,22706,24255,25651,26723,27702,28650,29372,31320,31760,32868,36554,37012,40028,41061,43462,44842,45905,49104,52146,52144,54000,56298,58701,61749,65784,68678,71255,73395
Government Administration Expenditures,          Private Health Insurance,0,0,0,0,0,0,0,0,0,0,0,0,0,0,0,0,0,0,0,0,0,0,0,0,0,0,0,0,0,0,0,0,0,0,0,0,0,0,0,0,0,0,0,0,0,0,0,0,0,0,0,0,0,0,0,0,0,0,0,0,0,0,0,0,0,0,0,0,0,0,0,0
Government Administration Expenditures,          Medicare,0,0,0,0,0,0,120,193,287,310,397,407,474,548,680,726,879,754,1002,1022,1127,1308,1279,1416,1549,1912,1867,1858,2238,2474,2455,2812,3002,2801,3057,3023,3279,3228,3431,3671,4676,4522,5099,5182,6288,6494,6673,6680,6873,6974,7310,8229,8856,8577,9673,9850,10309,9664,11457,11514,11549,13060,15085,13801,13944,14562,15227,16001,16857,17784,18586,19339
Government Administration Expenditures,          Medicaid (Title XIX),0,0,0,0,0,0,51,120,152,185,243,275,332,400,471,592,743,926,1040,1178,1316,1491,1565,1731,1977,2088,2283,2539,2785,3114,3695,3961,4302,5217,6669,7463,6284,7783,8671,9644,10472,11791,12782,13970,14089,14945,15841,16639,17394,17946,17786,18631,18750,20212,22515,22551,24688,25982,26819,27787,28759,29628,29999,30622,31659,32637,33612,35054,37327,38308,39110,39458
Government Administration Expenditures,          Other Health Insurance,12,12,13,13,13,13,13,17,21,27,32,38,44,51,59,63,70,70,78,82,87,93,108,133,132,129,135,146,156,175,197,184,228,248,274,278,278,302,377,540,770,1010,1458,1876,2329,2816,3137,3403,3436,3731,4276,4460,4153,4078,4367,4610,5031,5415,5186,5542,5597,6416,7061,7721,8398,9100,9862,10693,11600,12587,13560,14598
Government Administration Expenditures,     Other Third Party Payers and Programs,42,54,66,69,129,224,150,91,99,105,69,74,81,87,98,113,169,192,206,225,241,262,284,312,358,406,482,567,670,770,835,994,1104,967,939,909,988,902,773,616,1260,2408,3397,4337,4596,4194,3318,2609,1709,1075,904,1676,2542,4653,5267,4778,4102,2976,3001,2719,2196,2350,2753,2920,3054,3270,3497,3740,4000,4279,4577,4897
Net Cost of Health Insurance Expenditures,Total Expenditures,1005,1086,1198,1235,1358,1586,1710,1697,2005,1763,1867,2397,3351,3674,3163,3379,4831,7394,8745,9401,9139,10767,12883,14666,19232,20352,17447,15701,20601,27122,31083,31248,33824,42492,44572,45567,48624,48626,49999,54836,63571,70384,89141,106357,113126,121504,135783,142510,137956,136157,151076,156473,162399,169344,189750,200683,211544,222559,248955,235597,296798,255652,286246,313794,335637,360344,383933,410006,437078,465524,495580,526956
Net Cost of Health Insurance Expenditures,     Out of pocket,0,0,0,0,0,0,0,0,0,0,0,0,0,0,0,0,0,0,0,0,0,0,0,0,0,0,0,0,0,0,0,0,0,0,0,0,0,0,0,0,0,0,0,0,0,0,0,0,0,0,0,0,0,0,0,0,0,0,0,0,0,0,0,0,0,0,0,0,0,0,0,0
Net Cost of Health Insurance Expenditures,     Health Insurance,761,831,910,938,1028,1209,1287,1241,1463,1213,1285,1801,2649,2851,2351,2540,3848,6028,7051,7301,6845,8224,10031,11834,16343,17280,14678,12637,16950,23262,26680,27217,29019,35670,36754,37482,40214,40735,42143,46588,53184,58681,74212,86974,91646,98339,110049,118489,118101,118356,133094,138458,141945,146427,165744,175693,186936,196301,220206,206832,267289,229940,258852,284616,304563,327266,348718,372515,397157,423012,450300,478722
Net Cost of Health Insurance Expenditures,          Private Health Insurance,761,831,910,938,1028,1209,1286,1238,1459,1207,1278,1792,2640,2840,2339,2525,3831,6010,7032,7281,6826,8198,9993,11759,16210,17036,14349,12208,16413,22580,25817,26207,27748,33780,34353,34390,36385,35234,35670,40483,46218,50427,64808,77467,80501,83991,87199,92354,90135,85558,94793,98463,99414,99555,107513,106701,112193,122366,139482,127959,149555,120405,132343,148238,163278,174809,183336,193190,203222,213363,224841,236339
Net Cost of Health Insurance Expenditures,          Medicare,0,0,0,0,0,0,0,0,0,0,0,0,0,0,0,0,0,0,0,0,0,4,11,26,59,156,249,348,415,495,591,681,804,1186,1512,1943,2453,3785,4427,3467,3820,4053,3731,3485,4738,6990,14720,17360,18084,21567,23404,24518,25842,26740,28381,31789,36549,36116,41406,43813,60089,47865,55171,65306,75356,83005,91324,100499,110223,120535,130538,141311
Net Cost of Health Insurance Expenditures,          Medicaid (Title XIX),0,0,0,0,0,0,1,3,4,6,8,9,9,10,13,15,17,18,19,20,19,22,28,49,75,88,81,81,122,187,273,329,467,703,889,1149,1376,1715,2026,2547,2968,3905,5222,5546,5908,6825,7525,8103,9114,10416,13873,14431,15732,19098,28724,35938,36802,36502,37832,33658,55505,59563,69119,68678,63367,66734,71178,75773,80476,85683,91285,97219
Net Cost of Health Insurance Expenditures,          Other Health Insurance,0,0,0,0,0,0,0,0,0,0,0,0,0,0,0,0,0,0,0,0,0,0,0,0,0,0,0,0,0,0,0,0,0,0,0,0,0,0,20,91,178,296,450,476,499,533,605,672,768,814,1023,1045,958,1034,1127,1266,1392,1317,1486,1402,2139,2107,2219,2394,2561,2717,2880,3053,3236,3430,3635,3853
Net Cost of Health Insurance Expenditures,     Other Third Party Payers and Programs,245,255,288,297,330,377,423,456,542,550,582,596,702,824,812,838,983,1365,1694,2100,2294,2543,2852,2832,2889,3072,2769,3063,3651,3860,4403,4031,4805,6823,7818,8084,8410,7891,7857,8248,10387,11703,14930,19383,21480,23165,25733,24021,19856,17801,17983,18015,20454,22917,24006,24990,24608,26258,28748,28764,29509,25712,27394,29178,31074,33078,35214,37491,39922,42513,45280,48233
Public Health Activity Expenditures,Total Expenditures,371,409,456,509,572,621,733,861,969,1174,1356,1676,1855,2123,2584,2967,3213,3815,4588,5375,6445,7531,8621,9251,9842,11212,12387,13572,15267,17773,19997,22129,24374,26779,29594,31003,32377,34832,37457,40731,43050,46792,52201,54228,54934,57252,60892,65969,71559,74191,75696,74425,77188,81476,84413,85546,89951,95455,99388,107073,238274,187604,219289,167812,167461,165561,166225,167469,171711,177398,183602,189984
Public Health Activity Expenditures,  Federal Funds,102,108,140,208,226,214,294,401,470,564,594,791,893,854,969,1043,1110,1152,1154,1108,1235,1216,1141,1232,1298,1326,1340,1529,1795,2028,2263,2607,2915,3167,3630,3665,3759,3931,4065,4546,4879,5779,8018,8899,8958,9169,9513,9696,9880,11995,14185,10729,10846,10333,10833,11329,11781,12603,12055,13292,135758,78836,104639,47695,41858,34570,29761,25524,24126,24213,24666,25257
Public Health Activity Expenditures,  State/Local Funds,269,302,316,301,347,407,439,460,499,610,762,885,962,1269,1615,1924,2104,2663,3434,4267,5210,6316,7480,8019,8544,9886,11047,12043,13472,15745,17734,19522,21459,23613,25964,27338,28618,30901,33392,36185,38170,41013,44184,45329,45977,48083,51378,56274,61680,62196,61511,63696,66342,71143,73580,74217,78171,82852,87334,93781,102515,108768,114650,120117,125603,130991,136464,141945,147585,153185,158936,164728
Research Expenditures,Total Expenditures,694,886,1068,1219,1366,1521,1624,1775,1877,1924,1953,2109,2357,2502,2767,3372,3707,3864,4438,4805,5429,5705,6025,6543,7608,8320,9002,10025,10836,11738,12678,13819,15091,16472,17758,18670,17808,19640,21512,23365,25475,28504,32016,34844,38578,40319,41163,42576,44283,45348,49125,49575,48380,46690,46033,46388,47616,50902,53730,56555,60098,61476,65311,68759,72442,76196,80129,84290,88685,93300,98152,103262
Research Expenditures,     Private,139,147,153,162,170,176,186,198,208,213,215,233,227,232,252,264,267,220,236,254,292,312,390,456,507,539,782,800,839,882,961,1091,1208,1298,1432,1563,1676,1870,2040,2149,2420,2464,2550,2738,2991,3300,3588,3896,4198,4213,4463,4669,4795,4761,5041,5197,5445,5646,5764,6110,6272,6545,6855,7133,7414,7703,8002,8316,8640,8976,9327,9690
Research Expenditures,     Federal Govt,504,680,849,983,1112,1251,1335,1466,1539,1555,1556,1662,1893,2022,2245,2809,3119,3267,3760,4082,4616,4790,4955,5331,6269,6830,7114,7989,8618,9314,9981,10854,11902,13125,14149,14733,13554,15037,16616,18124,19695,22437,25570,27891,31078,32425,32800,33407,34323,35233,38837,39023,37764,35860,34646,34735,35361,38139,40530,42789,46074,47094,50422,53198,56125,59173,62382,65792,69399,73200,77205,81435
Research Expenditures,     State and Local Govt,51,58,66,74,84,94,103,111,130,156,183,213,237,248,270,298,321,377,442,469,520,602,680,756,832,951,1107,1236,1379,1542,1737,1874,1981,2049,2177,2374,2578,2733,2855,3092,3360,3602,3896,4216,4509,4593,4774,5273,5762,5902,5825,5884,5820,6069,6346,6456,6810,7117,7436,7656,7752,7836,8034,8429,8903,9319,9745,10182,10647,11124,11620,12137
Structures Expenditures,Total Expenditures,1539,1611,1992,2003,2423,2647,2670,2676,3129,4082,4680,5604,6047,6024,6488,6689,7252,7052,7193,7652,8831,10218,11782,12696,12431,11406,11322,12722,14608,15158,17250,17000,18605,20143,21086,21141,21894,23205,23865,25483,25239,26117,29230,31009,32992,36041,41651,47344,52470,47595,46788,48076,50168,51400,50401,50528,50626,58260,62226,64342,61244,65646,70283,74972,79317,83458,87726,92030,96486,101229,106292,111480
Structures Expenditures,     Private,1069,1165,1513,1509,1890,2040,2083,1950,2311,3184,3739,4252,4741,4727,4816,4842,5138,5007,5103,5399,6227,7598,9168,10295,9937,8869,8589,9690,11641,12165,13831,13448,14619,15898,17094,16939,17517,18632,19597,21611,21561,22054,24336,26034,27945,30436,35244,39769,44559,39008,38107,38524,40521,41479,41626,42430,42549,50016,53485,55891,52526,56045,59661,63812,67796,71419,75016,78641,82378,86367,90640,94995
Structures Expenditures,     Federal Govt,123,130,134,157,166,208,187,139,140,128,159,211,205,209,253,364,415,489,576,558,648,753,700,673,784,780,874,997,918,861,976,864,938,1066,1025,1125,1334,1346,1018,852,774,723,873,711,659,681,746,1014,944,1763,2127,2589,2620,2660,2348,2242,2140,2091,2216,2114,2026,2026,2150,2202,2252,2375,2510,2633,2765,2906,3050,3199
Structures Expenditures,     State and Local Govt,347,316,345,337,367,399,400,587,678,770,782,1141,1101,1088,1419,1483,1699,1556,1514,1695,1956,1867,1914,1728,1710,1757,1859,2035,2049,2132,2443,2688,3048,3179,2967,3077,3043,3227,3250,3020,2904,3340,4021,4264,4388,4924,5661,6561,6967,6824,6554,6963,7027,7261,6427,5856,5937,6153,6525,6337,6692,7575,8471,8958,9268,9663,10201,10756,11343,11956,12601,13286
Equipment Expenditures,Total Expenditures,335,377,442,535,558,593,672,767,851,976,1111,1100,1456,1901,2207,2656,3073,3462,4272,5034,6296,7571,8893,10053,10889,11418,11981,12923,14434,16829,18627,21228,23407,24268,24762,25756,27385,28809,33167,35558,34939,35353,40207,42703,45360,49171,50185,56292,59521,54257,56214,61098,64613,65023,63121,66202,67981,71430,73897,73173,72586,79909,84441,89176,94251,98929,103880,109079,114300,119554,125031,130549
Equipment Expenditures,     Private,278,316,377,455,468,493,541,600,666,710,729,782,889,1089,1341,1621,1967,2426,2948,3635,4492,5471,6587,7008,7306,7403,7509,8018,9363,10929,12591,14418,16561,16748,17199,17946,19097,20676,22013,23351,22992,23112,26577,28181,29861,32707,31772,36701,37762,32783,33368,37681,40475,41947,38415,41829,42910,45461,45377,44151,41689,46726,49450,52903,56139,58914,61680,64723,67743,70703,73749,76718
Equipment Expenditures,     Federal Govt,3,6,2,1,3,2,1,18,26,81,165,83,310,509,491,601,627,498,669,587,849,995,989,1552,1838,2012,2342,2569,2476,2778,2713,3448,3389,3826,3950,4147,4549,3943,6569,7357,6837,7063,8503,8963,9355,9720,10963,11231,12589,12744,14179,14320,14758,13467,14781,14140,14373,15100,17005,17433,18647,20110,21256,22120,23247,24472,25883,27269,28658,30128,31674,33296
Equipment Expenditures,     State and Local Govt,54,55,63,79,87,98,130,149,159,185,217,235,257,303,375,434,479,538,655,812,955,1105,1317,1493,1745,2003,2130,2336,2595,3122,3323,3362,3457,3694,3613,3663,3739,4190,4585,4850,5110,5178,5127,5559,6143,6745,7450,8360,9171,8730,8667,9097,9380,9609,9924,10233,10697,10868,11515,11589,12250,13073,13735,14154,14865,15543,16316,17087,17900,18723,19608,20535
NOTE: Numbers may not add to totals due to rounding. Dollar amounts shown are in current dollars.   Medicare and Medicaid became effective July 1966.  The Children's Health Insurance Program became effective in 1998.,,,,,,,,,,,,,,,,,,,,,,,,,,,,,,,,,,,,,,,,,,,,,,,,,,,,,,,,,,,,,,,,,,,,,,,,,
"SOURCE:  Centers for Medicare & Medicaid Services, Office of the Actuary, National Health Statistics Group.",,,,,,,,,,,,,,,,,,,,,,,,,,,,,,,,,,,,,,,,,,,,,,,,,,,,,,,,,,,,,,,,,,,,,,,,,
